{
  "hash": "2787ac16",
  "configHash": "1e553799",
  "lockfileHash": "e83888d6",
  "browserHash": "2bccba64",
  "optimized": {
    "@angular/common": {
      "src": "../../../../../node_modules/@angular/common/fesm2022/common.mjs",
      "file": "@angular_common.js",
      "fileHash": "2209253f",
      "needsInterop": false
    },
    "@angular/common/http": {
      "src": "../../../../../node_modules/@angular/common/fesm2022/http.mjs",
      "file": "@angular_common_http.js",
      "fileHash": "1a08b0e2",
      "needsInterop": false
    },
    "@angular/common/locales/es": {
      "src": "../../../../../node_modules/@angular/common/locales/es.mjs",
      "file": "@angular_common_locales_es.js",
      "fileHash": "771c8a29",
      "needsInterop": false
    },
    "@angular/core": {
      "src": "../../../../../node_modules/@angular/core/fesm2022/core.mjs",
      "file": "@angular_core.js",
      "fileHash": "f3ec4026",
      "needsInterop": false
    },
    "@angular/forms": {
      "src": "../../../../../node_modules/@angular/forms/fesm2022/forms.mjs",
      "file": "@angular_forms.js",
      "fileHash": "d1d2bb0f",
      "needsInterop": false
    },
    "@angular/platform-browser": {
      "src": "../../../../../node_modules/@angular/platform-browser/fesm2022/platform-browser.mjs",
      "file": "@angular_platform-browser.js",
      "fileHash": "40e278e3",
      "needsInterop": false
    },
    "@angular/platform-browser/animations": {
      "src": "../../../../../node_modules/@angular/platform-browser/fesm2022/animations.mjs",
      "file": "@angular_platform-browser_animations.js",
      "fileHash": "53d9e4dc",
      "needsInterop": false
    },
    "@angular/router": {
      "src": "../../../../../node_modules/@angular/router/fesm2022/router.mjs",
      "file": "@angular_router.js",
      "fileHash": "0e7d2a2b",
      "needsInterop": false
    },
    "ngx-toastr": {
      "src": "../../../../../node_modules/ngx-toastr/fesm2022/ngx-toastr.mjs",
      "file": "ngx-toastr.js",
      "fileHash": "bad53b1b",
      "needsInterop": false
    }
  },
  "chunks": {
    "chunk-LCIU4L75": {
      "file": "chunk-LCIU4L75.js"
    },
    "chunk-CC6C74HK": {
      "file": "chunk-CC6C74HK.js"
    },
    "chunk-IIPVT7D6": {
      "file": "chunk-IIPVT7D6.js"
    },
    "chunk-PLMTYKXS": {
      "file": "chunk-PLMTYKXS.js"
    },
    "chunk-NMZJY2GS": {
      "file": "chunk-NMZJY2GS.js"
    },
    "chunk-J4B6MK7R": {
      "file": "chunk-J4B6MK7R.js"
    }
  }
}